清水金属,
株式会社マエダ総業,med@myad.jp
有限会社トゥデイ,todayjewelry@yahoo.co.jp
昭和熱処理株式会社,s-netsu@rose.plala.or.jp
株式会社クラシアン世田谷支社,
株式会社上島熱処理工業所,info@kamijima.co.jp
須長製作所,
有限会社アシストコーポレート,
カギの救急車蒲田店,tt9948@nifty.com
有限会社ハイパーシール工業,hyper@mvd.biglobe.ne.jp
関東ユニフォームセンター株式会社,info@kuc.co.jp
東京コート株式会社,
株式会社ヨシザワ,info@4438.co.jp
有限会社精生工業,
高橋しぼり工業株式会社,
株式会社遠藤材木店,shinjyuku@endo-zaimoku.com
株式会社勇勝ビニール,
東京作業用品株式会社,
株式会社昇栄産業,s-shouei@gol.com
三進塗装有限会社,
株式会社マエダ総業,med@myad.jp
有限会社スタジオドラゴン,s.dragon@cotton.ocn.ne.jp
平舘表具店,
アクオス株式会社,aquos@miracle.ocn.ne.jp
関東発条株式会社／本社,
カギのＳＯＳ・パーフェクトロック総合受付,perfect-lock@jcom.home.ne.jp
千代田ブロック株式会社,
有限会社木田塗装店,
株式会社山田加工,yamadakakou@nifty.com
,info@bolt119.com
株式会社高野総業,tsc@takano-sogyo.com
有限会社共栄工業,kyoeiome@tba.t-com.ne.jp
有限会社木下塗装店,satoshikinoshita@mac.com
あくせさりい・ぽっとＹＯＯＫＯ,
東京ヒート有限会社,
サトウジュエリー,
有限会社荒井製作所,
有限会社長若金属製作所,
有限会社信成発條製作所,info@shinsei-sp.co.jp
株式会社エターナルジャパン,eternalp@coral.ocn.ne.jp
有限会社折原精密鈑金,
三興鋼材株式会社,
有限会社テクネット,tecnet@mist.ocn.ne.jp
宅配買取サービス,
有限会社自由ヶ丘春峰堂,
日進化成株式会社,info@nissinkasei.com
株式会社ワカマツ,wakamatu@jcom.zaq.ne.jp
有限会社電広社,honsya@denkosya.co.jp
泰豊トレーディング株式会社,
有限会社ネーム工房,
有限会社建装,kensou@tbr.t-com.ne.jp
東洋研磨材工業株式会社,
,
,
株式会社リトク,ritoku@ritoku.co.jp
千代田工芸株式会社,chiyoda@chiyoda-kougei.co.jp
有限会社アート銘板工業,info@art-np.co.jp
松岡電装株式会社,
合資会社内田商店,uchida@twatwa.ne.jp
株式会社大丸筐体,metal-work@ohmaru.co.jp
株式会社日野建材店,
ダイヤモンド買取電話相談室,
有限会社岩田商店,
株式会社タカチホ,
有限会社昭和金属興業,siyouwak@helen.ocn.ne.jp
株式会社金杉工芸,desk@kana-print.com
株式会社クラシアン板橋支社,
栗原産業有限会社,
株式会社樋口商店,
富士徽章株式会社,fuji@tokyo.so-net.jp
セフテック株式会社／本社,
古川彫金,
四方畳店,
株式会社田島製作所,tajima1@tajima-seisakusho.co.jp
有限会社藤野製作所,
カギのＳＯＳ・パーフェクトロック府中受付,perfect-lock@jcom.home.ne.jp
株式会社松庄商店,
有限会社城北発條工業所,
株式会社田村歯車工業,tamura@tamurahaguruma.com
カギの救急車蒲田店・千束・上池台・旗の台２４時間受付センター,tt9948@nifty.com
宝石のフォーラム,
株式会社遠藤商店,info@endo-shoten.co.jp
リペアファクトリー,
株式会社サトウ宝石アメ横店,
有限会社松宮金物店,
駒鳥売店,
深田パーカライジング株式会社,info@fukadaparker.co.jp
株式会社石橋象牙店,
株式会社真船製作所,
株式会社石川貴金属創芸,
株式会社シャガ防水工業,info@shaga.jp
株式会社マナカ,
有限会社新栄挽物製作所,
株式会社友太郎,info@tomotarou.com
光雲,
有限会社日光ばね製作所,nikko-bane.keiri@gol.com
有限会社水野商店,mizuno-c@poppy.ocn.ne.jp
有限会社セキショウ工業,
有限会社本多製作所,mfg@honda-ss.co.jp
株式会社三友建設,info@sanyukensetsu.com
太洋工業株式会社,ptaiyo@nifty.com
カギの救急車聖蹟桜ヶ丘店,
カギと錠・ネリマ・キーセンター,info@nerima-key.com
有限会社アーバンコーポレーション,pc001@urbancorp.jp
,
,
おたふく手袋株式会社東京支店,info@otf.co.jp
東洋塗装株式会社,
しんとみ金物店（合同会社）,
有限会社メタル技研,metal-giken@nifty.com
有限会社伊登勢屋商店,
株式会社内田表具店,
有限会社庭野商会,info@niwanoshoukai.com
有限会社若林商店,
シマダ記章株式会社,
浅井ゴム製作所,
株式会社千代田オプティカル,
日本特殊金網株式会社,nittoku01@ybb.ne.jp
有限会社アートワーク,info@artwork-22.co.jp
富士金網工業株式会社,info@fujikanaami.com
大場宝飾工芸,
橋本軽金株式会社,info@hashikei.co.jp
大用商店,
第一機材株式会社／本社,
タムロック,
株式会社総建,sohkenhouse@yahoo.co.jp
ダイワ刃物工業有限会社,info@daiwa-hamono.co.jp
株式会社ノボリ,info@knobori.co.jp
ウヌマ株式会社,unuma@coral.ocn.ne.jp
有限会社冨田屋,tomitaya@cello.ocn.ne.jp
安藤商店,info@aoyama-ando.co.jp
清水金属,
男澤板金,otokozawa-bankin@taupe.plala.or.jp
ダイヤ買取サービス,
株式会社五十君商店,staff-igm@igimi.co.jp
,
株式会社ソーブネジ,tanaka@so-buneji.com
株式会社米山製作所,info@yoneyama.co.jp
ダイヤ買取サービス・パンサラッサ,
井島貴金属精錬株式会社／クレエ・イジマ本店,info@creer-ijima.info
有限会社ケーテック,k-tech@sweet.ocn.ne.jp
有限会社神林塗装工業所,kanbayashi-tosou@msj.biglobe.ne.jp
アトリエ・ニケ,info@atelier-nike.com
有限会社しもしぼり製作所,
合資会社岩崎製作所,
株式会社ピース＆セキュリティ・ジャパン,info@psjapan.com
株式会社日勝貿易,mail@nissho-trd.co.jp
ジュエリー工房郡司宝石,
有限会社江藤商店,info@proshop-etoh.ocnk.net
墨田硬質クローム鍍金有限会社,sumida-hcr@spn1.speednet.ne.jp
三和シヤッター工業株式会社／東京中央統括営業課,
金子画廊,
有限会社アクト企画,
株式会社エーアイ・アドバタイジング,info@ai-ad.co.jp
株式会社大真,info@u-taishin.jp
ウエルディング・ガス・サービス株式会社東京営業所,tokyo@wgs.co.jp
,
,
株式会社クラシアン江戸川支社,
株式会社ミネトーヨー住器,minetfc@minetfc.com
株式会社カナヤス,mail@kanayasu.com
河野金物店,
有限会社岸本スプリング,bane@kishimoto-sp.jp
株式会社フジプライズ,fujiprize@pietto.or.jp
有限会社スギモト,
ダイホー工業株式会社,
有限会社菊屋,kikuya@k6.dion.ne.jp
カギの救急車蒲田店西蒲田・池上・矢口・多摩川・２４時間受付センター,tt9948@nifty.com
,mtechnic@jcom.home.ne.jp
ウルトラミックス,info@ultramix.co.jp
株式会社練馬工業,info@nerima-kogyo.co.jp
かぎの１１０番マイサンロックサービス,
有限会社ケイエスレーザ加工,info@ks-laser.co.jp
有限会社大西サッシ,ons0024@kra.biglobe.ne.jp
篠崎表具店,
株式会社東都建装,
一斗金属株式会社,krkmf506@ybb.ne.jp
石原商店,smile-ishihara@nifty.com
株式会社三代川製作所,
有限会社高橋金物店,
合資会社田中商店,
株式会社山田パイプ店,yamada-pipe@circus.ocn.ne.jp
有限会社アトリエ・エイト,office@eight-takahashi.com
カギファクトリー八王子店,kagifactory4169@star.gmobb.jp
有限会社瑞穂工芸,
株式会社ニシカワ,info@nishikawa.gr.jp
座間金属工業株式会社,
松田金物株式会社,matukana@heart.ocn.ne.jp
日本機械ネットワーク株式会社,key@jmn.jpn.com
有限会社臼井製作所,usui-s.s@feel.ocn.ne.jp
町田塗料株式会社,machida.t@chime.ocn.ne.jp
有限会社トラストワーズィ,trust-w@pony.ocn.ne.jp
株式会社アーク・マルショウ,tokyo@aac-marusho.com
株式会社大國／本社,okuni@fsinet.or.jp
吉田アンカー工業株式会社,yoshida.anchor@fuga.ocn.ne.jp
有限会社足立屋金物店,
ジェミング銀座,
経新堂稲崎表具店,info@kyoushindo.com
石井宝飾工芸,ishii@msf.biglobe.ne.jp
東源正久,info@tsukiji-masahisa.jp
有限会社ニットー本社工場,
東京スチールサッシ株式会社,info@tokyosteelsash.co.jp
株式会社クローバーセンター,info@clover-key.co.jp
株式会社宮坂徽章,info@miya-cup.co.jp
有限会社旭彫刻所,info@asahi-chokoku.com
有限会社木下塗装店,kinopen.t@xvb.biglobe.ne.jp
株式会社セイホー,info@seiho-jp.com
渡辺製作所,y2w3vm@bma.biglobe.ne.jp
,
,
有限会社カンダヤ,
大澤金物店,
有限会社参光工業所,
,yaoki_yamazaki@vanilla.ocn.ne.jp
ジュリアンジュエリー,juli.juli.ju-lian@ezweb.ne.jp
カギの１１０番アムロック,110ban@amlock.tokyo
株式会社中島,nakajima@crest.ocn.ne.jp
ホシ・キーロック,
株式会社巧建装,
株式会社アサヒ酸素商会,
株式会社東京工芸舎,
株式会社タクミ製作所システム事業部,
有限会社神代工業,kamishiro@voice.ocn.ne.jp
エイチ・ツー・エーＪｅｗｅｌｒｙＳｔｕｄｉｏ,joji@h2a-co.jp
株式会社クラシアン練馬支社,
株式会社日本衛生センター,
株式会社ティーテック,info@e-ttec.com
株式会社コヤタ建材,
有限会社富士見屋金物店,
株式会社大倉建装,
株式会社吉崎メッキ化工所,info@yoshizaki-mekki.co.jp
株式会社有我工業所,
ラスフローラ青山店,contact@rusflora.com
有限会社若葉ハウス八王子店,
有限会社ニコー金属製作所,info@nikoo.jp
有限会社中村メッキ,
有限会社多摩商会,
株式会社春樹,haruki-r@aurora.ocn.ne.jp
マルジュウアミド販売,
有限会社山方金型工業,info@yamagata-mold.co.jp
株式会社クラシアン多摩支社,
有限会社早川金物,
株式会社杉浦商店,sugiuratakeo20@k2.dion.ne.jp
イッセーロックサービスカギの１１０番受付,
有限会社永田達商店,nagatatatu@brown.plala.or.jp
日新製作所,
有限会社高宏鉄工,
東京美宝,info@tokei-biho.com
有限会社マルタスプリング,msp@banekoubou.net